<?xml version='1.0' encoding='utf-8'?>
<!--import basic;widgets(basic); application( 
	name        = """Undirected Graph drawing""", version = """1.2""", 
	author      = """Pierre Gradit""",           XYsplash =  (150,20),
	description =   "Basic drawing application using Scene component",
	)
-->
<isl:application
	xmlns:mlf="http://www.mezzonomy.com/modal-formulation"
	xmlns:isl="http://www.mezzonomy.com/interface-stylesheet-language"
	xmlns:xsl="http://www.w3.org/1999/XSL/Transform"
	xmlns:dis="http://www.mezzonomy.com/distant"
	xmlns:en="http://www.mezzonomy.com/language/english"
	xmlns:fr="http://www.mezzonomy.com/language/french">
  <mlf:board transform="1.,0.,0.,0.,0." drag-type="">
    <mlf:kind isl:key="node" fr:key="Noeud" en:key="Node"/>
  </mlf:board>
  <xsl:stylesheet
	xmlns:lyt="http://www.mezzonomy.com/layout"
	xmlns:int="http://www.mezzonomy.com/widget"
	xmlns:on="http://www.mezzonomy.com/events"
	xmlns:ins="http://www.mezzonomy.com/insiders"
	xmlns:ext="http://www.mezzonomy.com/extensions" version="1.0" fr:xmlns="used" en:xmlns="used" mlf:xmlns="used" isl:xmlns="used" xsl:xmlns="used" dis:xmlns="used">
    <xsl:import href="cargo/basic.xsl"/>
    <xsl:variable name="kinds" select="/*/mlf:board/mlf:kind"/>
    <xsl:variable name="items" select="/*/mlf:board/mlf:item"/>
    <xsl:variable name="drag-type" select="/*/mlf:board/@drag-type"/>
    <xsl:variable name="drag-kind" select="$kinds[ @isl:key=$drag-type]"/>
    <xsl:variable name="drag-item" select="$items[ @isl:key=$drag-type]"/>
    <xsl:template match="mlf:board">
      <lyt:Vertical lyt:name="applications" lyt:position="left">
        <xsl:apply-templates select="$kinds"/>
        <int:Stretch/>
      </lyt:Vertical>
      <int:Scene lyt:position="central">
        <xsl:copy-of select="@transform"/>
        <xsl:apply-templates select="$items"/>
        <xsl:apply-templates select="$drag-kind" mode="drop"/>
      </int:Scene>
    </xsl:template>
    <xsl:template match="mlf:kind">
      <int:DropSource title="{ext:lang(.,'isl:key')}">
        <on:drag type="{@isl:key}"/>
      </int:DropSource>
    </xsl:template>
    <xsl:template match="mlf:kind" mode="drop">
      <on:drop set="transform" isl:uuid="key" mlf:site="pos">
        <mlf:item kind="{@isl:key}">
          <mlf:source/>
        </mlf:item>
      </on:drop>
    </xsl:template>
    <xsl:template match="mlf:item">
      <lyt:Vertical lyt:pos="{@mlf:pos}">
        <on:itemMoved mlf:pos="{@isl:key}"/>
        <int:DropSource title="{ext:lang($kinds[@isl:key=current()/@kind],       'isl:key')}">
          <on:drag type="{@isl:key}"/>
        </int:DropSource>
        <xsl:if test="$drag-item">
          <on:drop set="{concat(@isl:key,'/mlf:source')}" mlf:uuid="uuid" mlf:site="pos">
            <mlf:link/>
          </on:drop>
          <on:drop set="{$drag-item/@isl:key}" mlf:uuid="uuid" mlf:site="pos">
            <mlf:link/>
          </on:drop>
        </xsl:if>
        <xsl:apply-templates/>
      </lyt:Vertical>
    </xsl:template>
    <xsl:template match="mlf:item/mlf:link">
      <ins:Scene-Link>
        <xsl:copy-of select="@mlf:uuid"/>
      </ins:Scene-Link>
    </xsl:template>
    <xsl:template match="mlf:source/mlf:link">
      <int:Label text="{position()}" style="     border-style: outset;     border-width: 1px;     border-radius: 5px;     border-color: blue;     color: blue;     font: italic 12px;     padding: 6px">
        <ins:Scene-Link>
          <xsl:copy-of select="@mlf:uuid"/>
        </ins:Scene-Link>
      </int:Label>
    </xsl:template>
  </xsl:stylesheet>
  <isl:help
	xmlns:html="http://www.w3.org/1999/xhtml" isl:help-path="Dependancies" preserve-text="">
		<Dependancies>
			<html:body lang="en">
				<html:h1>
					Dependancy drawing test
				</html:h1>
				<html:P align="justify">
					This test provides minimalist dependancy graph
					drawing. 
				</html:P>
				<isl:xmlns/>
			</html:body>
		</Dependancies>
		<General dis:href="doc/general.xml" en:General="General Help" fr:General="Aide g&#xE9;n&#xE9;rale"/>
	</isl:help>
  <isl:locale dis:href="cargo/Locale.xml" isl:lang="fr" isl:help-activated="0" isl:license-activated="0"/>
  <isl:units dis:href="cargo/Units.xml"/>
  <isl:menus dis:href="cargo/Menus.xml"/>
</isl:application>
<!---->
