<?xml version='1.0' encoding='utf-8'?>
<!--import basic;widgets(basic); application( 
	name        = """CADLM slide""", version = """1.2""", 
	author      = """Pierre Gradit""", XYsplash =  (150,20),
	description = '''page 6/8 of "CdC Cvpt rapide d'interface.pdf"''',
)
#
# Skill tools written in python
#
def Computing_1(Cell_1, Output_1):
  Output_1.append(Cell_1)
  return Output_1[1:]

def Computing_2(Cell_2, Output_2):
  Output_2.append(Cell_2)
  return Output_2[1:]

def Computing_3(Cell_3, Output_3):
  Output_3.append(Cell_3)
  return Output_3[1:]

def Computing_4(Cell_4, Output_4):
  Output_4.append(Cell_4)
  return Output_4[1:]

def Computing_5(Cell_5, Output_5):
  Output_5.append(Cell_5)
  return Output_5[1:]

def Computing_6(Cell_6, Output_6):
  Output_6.append(Cell_6)
  return Output_6[1:]

-->
<isl:application
	xmlns:cad="http://www.cadlm.com/fast-prototyping"
	xmlns:isl="http://www.mezzonomy.com/interface-stylesheet-language"
	xmlns:xsl="http://www.w3.org/1999/XSL/Transform"
	xmlns:dis="http://www.mezzonomy.com/distant"
	xmlns:en="http://www.mezzonomy.com/language/english"
	xmlns:fr="http://www.mezzonomy.com/language/french">
  <cad:board transform="1.,0.,0.,0.,0." preserve-text="">
    <cad:item cad:pos="-462.0,-276.0" isl:key="Cell_1" isl:val="10.2" en:key="Cell #1" fr:key="Cellule n&#xB0;1">
      <cad:python call="Computing_1" fr:call="Empiler">
        <cad:output isl:key="Output_1" isl:val="[236.9,35.0,72.0]" style="font-weight:bold;background-color:lightblue"/>
      </cad:python>
    </cad:item>
    <cad:item cad:pos="-84.0,-246.0" isl:key="Cell_2" isl:val="python:Output_1[-1]" en:key="Cell #2" fr:key="Cellule n&#xB0;2">
      <cad:python call="Computing_2">
        <cad:output isl:key="Output_2" isl:val="[42526.9,0.0035,83.4]"/>
      </cad:python>
    </cad:item>
    <cad:item cad:pos="-464.0,-43.0" isl:key="Cell_3" isl:val="python:Output_2[-1]" en:key="Cell #3" fr:key="Cellule n&#xB0;3">
      <cad:python call="Computing_3">
        <cad:output isl:key="Output_3" isl:val="[27.9,27.27,2640.98]"/>
      </cad:python>
    </cad:item>
    <cad:item cad:pos="-91.0, 5.0" isl:key="Cell_4" isl:val="python:Output_3[-1]" en:key="Cell #4" fr:key="Cellule n&#xB0;4">
      <cad:python call="Computing_4">
        <cad:output isl:key="Output_4" isl:val="[362.9,64.0,72.0]"/>
      </cad:python>
    </cad:item>
    <cad:item cad:pos="-467.0,196.0" isl:key="Cell_5" isl:val="python:Output_4[-1]" en:key="Cell #5" fr:key="Cellule n&#xB0;5">
      <cad:python call="Computing_5">
        <cad:output isl:key="Output_5" isl:val="[46.9,217.0,35.0]"/>
      </cad:python>
    </cad:item>
    <cad:item cad:pos="-91.0,239.0" isl:key="Cell_6" isl:val="python:Output_5[-1]" en:key="Cell #6" fr:key="Cellule n&#xB0;6">
      <cad:python call="Computing_6">
        <cad:output isl:key="Output_6" isl:val="[425.9,64.0,423.0]"/>
      </cad:python>
    </cad:item>
  </cad:board>
  <xsl:stylesheet
	xmlns:lyt="http://www.mezzonomy.com/layout"
	xmlns:int="http://www.mezzonomy.com/widget"
	xmlns:on="http://www.mezzonomy.com/events"
	xmlns:ins="http://www.mezzonomy.com/insiders"
	xmlns:mlf="http://www.mezzonomy.com/modal-formulation"
	xmlns:ext="http://www.mezzonomy.com/extensions" version="1.0" preserve-text="" fr:xmlns="used" en:xmlns="used" isl:xmlns="used" cad:xmlns="used" xsl:xmlns="used" dis:xmlns="used">
    <xsl:import href="cargo/basic.xsl"/>
    <xsl:variable name="items" select="/*/cad:board/cad:item"/>
    <xsl:template match="cad:board">
      <int:Scene lyt:position="central">
        <xsl:copy-of select="@transform"/>
        <xsl:apply-templates select="$items"/>
      </int:Scene>
    </xsl:template>
    <xsl:template match="cad:item">
      <lyt:Vertical lyt:pos="{@cad:pos}" style="{@style}">
        <on:itemMoved cad:pos="{@isl:key}"/>
        <int:Label text="{ext:lang(.,'isl:key')}"/>
        <int:LineEdit ins:validator="double" style="{@style-entry}">
          <xsl:choose>
            <xsl:when test="starts-with(@isl:val,'python:')">
              <xsl:attribute name="state">disabled</xsl:attribute>
              <xsl:attribute name="text">
                <xsl:value-of select="ext:fortran(.)"/>
              </xsl:attribute>
            </xsl:when>
            <xsl:otherwise>
              <xsl:attribute name="text">
                <xsl:value-of select="@isl:val"/>
              </xsl:attribute>
              <on:editingFinished set="{@isl:key}"/>
            </xsl:otherwise>
          </xsl:choose>
           <ins:Scene-Link mlf:uuid="{@isl:val}"/>
        </int:LineEdit>
        <xsl:apply-templates/>
      </lyt:Vertical>
    </xsl:template>
    <xsl:template match="cad:output">
      <int:Boxed style="{@style}">
        <lyt:Vertical>
          <xsl:for-each select="ext:pythonize(@isl:val)">
            <int:Label text="{@ext:number}"/>
          </xsl:for-each>
        </lyt:Vertical>
        <ins:Scene-Link mlf:uuid="{concat('python:',@isl:key,'[-1]')}"/>
      </int:Boxed>
    </xsl:template>
    <xsl:template match="cad:python">
      <int:Trigger style="{@style}" title="{ext:lang(.,'call')}">
        <on:released call="{@call}">
          <xsl:copy-of select="*"/>
        </on:released>
      </int:Trigger>
      <xsl:apply-templates/>
    </xsl:template>
  </xsl:stylesheet>
  <cad:ok fr:ok="Ok !" en:ok="Ok!"/>
  <isl:help
	xmlns:html="http://www.w3.org/1999/xhtml" isl:help-path="Dependancies" preserve-text="">
    <Dependancies>
      <html:body lang="en">
        <html:h1>
          CADLM first test
        </html:h1>
        <html:P align="justify">
          This test provides appearence and behavior
          of page 6/8 of "CdC Cvpt rapide d'interface.pdf". 
        </html:P>
        <isl:xmlns/>
      </html:body>
    </Dependancies>
    <General dis:href="doc/general.xml" en:General="General Help" fr:General="Aide g&#xE9;n&#xE9;rale"/>
  </isl:help>
  <isl:locale dis:href="cargo/Locale.xml" isl:lang="fr" isl:help-activated="0" isl:license-activated="0"/>
  <isl:menus dis:href="cargo/Menus.xml"/>
</isl:application>
<!---->
